Book Name,Author,Rating,Customers_Rated,Price
My First Library: Boxset of 10 Board Books for Kids,Wonder House Books,4.5 out of 5 stars,"24,180",₹ 399.00
My First Book of Patterns Pencil Control: Patterns Practice book for kids (Pattern Writing),Wonder House Books,4.4 out of 5 stars,"5,609",₹ 89.00
Ikigai: The Japanese secret to a long and happy life,Héctor García,4.6 out of 5 stars,"14,979",₹ 317.00
The Psychology of Money,Morgan Housel,4.5 out of 5 stars,"10,146",₹ 300.00
"Writing Practice Boxset: Pack of 4 Books (Writing Fun: Write and Practice Capital Letters, Small Letters, Patterns and…",Wonder House Books,4.4 out of 5 stars,"2,881",₹ 159.00
"Grandma's Bag of Stories: Collection of 20+ Illustrated short stories, traditional Indian folk tales for all ages for…",Sudha Murty,4.6 out of 5 stars,"5,577",₹ 155.00
Atomic Habits: The life-changing million copy bestseller,James Clear,4.6 out of 5 stars,"19,974",₹ 445.00
Rich Dad Poor Dad: What the Rich Teach Their Kids About Money That the Poor and Middle Class Do Not!,Robert T. Kiyosaki,4.6 out of 5 stars,"41,457",₹ 302.00
Karma: A Yogi's Guide to Crafting Your Destiny,Sadhguru,4.7 out of 5 stars,741,₹ 248.00
QAWACHH The Alchemist by Paulo Coelho,QAWACHH,4.6 out of 5 stars,"54,812",₹ 193.00
Indian Polity - For Civil Services and Other State Examinations | 6th Edition,M. Laxmikanth,4.6 out of 5 stars,"9,182",₹ 665.00
Quantitative Aptitude for Competitive Examinations,R S Aggarwal,4.4 out of 5 stars,"12,242",₹ 473.00
Man's Search For Meaning: The classic tribute to hope from the Holocaust,Viktor E Frankl,4.5 out of 5 stars,"31,261",₹ 191.00
Oxford Student Atlas for India - Third Edition,Oxford University Press,4.6 out of 5 stars,"5,855",₹ 241.00
101 Brain Booster Activity Book: Fun Activity Book For Children,Wonder House Books,4.4 out of 5 stars,"1,190",₹ 129.00
World’s Greatest Books For Personal Growth & Wealth (Set of 4 Books): Perfect Motivational Gift Set,Dale Carnegie,4.5 out of 5 stars,"6,710",₹ 299.00
Picture Books Collection for Early Learning (Set of 12),E C Axus,4.2 out of 5 stars,"6,205",₹ 250.00
The Blue Umbrella,Ruskin Bond,4.5 out of 5 stars,"4,869",₹ 69.00
101 Panchatantra Stories for Children: Colourful Illustrated Stories,Om Books Editorial Team,4.5 out of 5 stars,"1,314",₹ 135.00
Life's Amazing Secrets: How to Find Balance and Purpose in Your Life,Gaur Gopal Das,4.6 out of 5 stars,"7,826",₹ 164.00
Very First Sight Words Sentences Level - 1,Dreamland Publications,4.5 out of 5 stars,"3,493",₹ 180.00
Sapiens: A Brief History of Humankind,Yuval Noah Harari,4.7 out of 5 stars,"33,389",₹ 370.00
Great Stories for Children,Ruskin Bond,4.5 out of 5 stars,"4,390",₹ 141.00
As a Man Thinketh,James Allen,4.5 out of 5 stars,"2,307",₹ 59.00
My First 4 in 1 Alphabet Numbers Colours Shapes: Padded Board Books,Wonder House Books,4.4 out of 5 stars,879,₹ 177.00
Lines and Curves (Pattern Writing) - Part 1,Dreamland Publications,4.4 out of 5 stars,"2,829",₹ 65.00
Colour with Crayons Part - 1,Dreamland Publications,4.2 out of 5 stars,"2,490",₹ 56.00
One Arranged Murder,Chetan Bhagat,4.3 out of 5 stars,"9,507",₹ 158.00
The Intelligent Investor (English) Paperback – 2013,Benjamin Graham,4.5 out of 5 stars,"23,964",₹ 485.00
Moral Story Books for Kids (Pack of 10 Books) | 160 Total Pages | Illustrated Stories,Young Angels Publishing,4.4 out of 5 stars,563,₹ 225.00
General Knowledge,Dr. Binay Karna,4.4 out of 5 stars,"11,475",₹ 168.00
Word Power Made Easy,Norman Lewis,4.4 out of 5 stars,"21,187",₹ 141.00
Best of Children’s Classics (Set of 5 Books): Perfect Gift Set for Kids,Antoine de Saint-Exupéry,4.4 out of 5 stars,671,₹ 499.00
A Modern Approach to Verbal & Non-Verbal Reasoning (2 Colour Edition),R.S. Aggarwal,4.4 out of 5 stars,"5,324",₹ 544.00
Objective NCERT at your FINGERTIPS for NEET-AIIMS - Biology,MTG Editorial Board,4.6 out of 5 stars,"1,661",₹ 546.00
Attitude Is Everything: Change Your Attitude ... Change Your Life!,Jeff Keller,4.5 out of 5 stars,"9,227",₹ 137.00
"The Magic of the Lost Temple: Illustrated, easy to read and much-loved first full length children’s fiction novel by…",Sudha Murty,4.7 out of 5 stars,"2,568",₹ 156.00
26 Years UPSC IAS/ IPS Prelims Topic-wise Solved Papers 1 & 2 (1995 - 2020) 11th Edition,Mrunal Patel,4.5 out of 5 stars,"2,126",₹ 429.00
The Monk Who Sold His Ferrari,Robin Sharma,4.5 out of 5 stars,"13,739",₹ 159.00
Amazon Brand - Solimo Board Books for Kids (Set of 10),Solimo,4.5 out of 5 stars,"3,921",₹ 400.00
Think and Grow Rich,Napoleon Hill,4.5 out of 5 stars,"48,445",₹ 139.00
The Richest Man in Babylon,George S. Clason,4.5 out of 5 stars,"18,035",₹ 99.00
Certificate Physical And Human Geography; Indian Edition,Goh Cheng Leong,4.5 out of 5 stars,"6,140",₹ 325.00
The Complete Novels of Sherlock Holmes,Arthur Conan Doyle,4.5 out of 5 stars,"8,267",₹ 136.00
Harry Potter and the Philosopher's Stone,J.K. Rowling,4.7 out of 5 stars,"27,670",₹ 281.00
My First ABC Sticker Book: Exciting Sticker Book With 100 Stickers,Wonder House Books,4.4 out of 5 stars,467,₹ 139.00
Think Like a Monk: The secret of how to harness the power of positivity and be happy now,Jay Shetty,4.7 out of 5 stars,"13,739",₹ 317.00
Wuthering Heights,Emily Brontë,4.5 out of 5 stars,"11,311",₹ 99.00
Pride & Prejudice,Jane Austen,4.5 out of 5 stars,"20,331",₹ 101.00
Word Power Made Easy,Norman Lewis,4.4 out of 5 stars,"21,187",₹ 131.00
505 Activities for Kids,Dreamland Publications,4.5 out of 5 stars,"3,242",₹ 208.00
Ruskin Bond - Best Selling Children Story Books Collection (Set of 4 Books),Ruskin Bond,4.5 out of 5 stars,"1,104",₹ 387.00
India & World Map ( Both Political & Physical ) with Constitution of India Chart & History of India Chart | NON…,Vidya Chitr Prakashan,4.6 out of 5 stars,201,₹ 170.00
My Activity- ABC Writing Book,Dreamland Publications,4.4 out of 5 stars,"1,138",₹ 65.00
My First Complete Learning Library: Boxset of 20 Board Books Gift Set for Kids (Horizontal Design),Wonder House Books,4.6 out of 5 stars,"4,628",₹ 799.00
My Activity- ABC Colouring Book,Dreamland Publications,4.4 out of 5 stars,"1,613",₹ 78.00
"NCERT BOOK , Hornbill Textbook in English ,Snapshots Supplementary Reader in English for Class-XI (Core Course) ,[COMBO…",NCERT,4.2 out of 5 stars,84,₹ 75.00
"Brain Games for Clever Kids: Puzzles to Exercise Your Mind (Buster Brain Games, 1)",Gareth Moore,4.3 out of 5 stars,"4,690",₹ 199.00
Peppa Pig: Little Library,Peppa Pig,4.3 out of 5 stars,"13,716",₹ 235.00
101 Maze Activity Book: Fun Activity Book For Children,Wonder House Books Editorial,4.2 out of 5 stars,817,₹ 129.00
Mandala: Colouring Books for Adults with Tear Out Sheets (Adult Colouring Book),Wonder House Books,4.5 out of 5 stars,"1,193",₹ 129.00
"My First Mythology Tale (Illustrated) (Set of 5 Books) - Mahabharata, Krishna, Hanuman, Ganesha, Ramayana - Story Book…",Maple Press,4.4 out of 5 stars,436,₹ 159.00
Apke Avchetan Man Ki Shakti (The Power of your Subconscious Mind in Hindi),Joseph Murphy,4.4 out of 5 stars,"3,059",₹ 99.00
Mathematics for Class 10 by R D Sharma (Examination 2021-22),R.D. Sharma,4.6 out of 5 stars,"1,739",₹ 455.00
Mathematics for Class 11 (set of 2 volumes) Examination 2021-22: Vol. 2,R.D. Sharma,4.5 out of 5 stars,872,₹ 630.00
A Man Called Ove: The life-affirming bestseller that will brighten your day,Fredrik Backman,4.6 out of 5 stars,"26,741",₹ 255.00
Wren & Martin High School English Grammar and Composition Book (Regular Edition),Rao N,4.5 out of 5 stars,"4,450",₹ 365.00
How to Stop Worrying and Start Living: Time-Tested Methods for Conquering Worry,Dale Carnegie,4.4 out of 5 stars,"11,338",₹ 106.00
1001 Activities Book,Dreamland Publications,4.5 out of 5 stars,"4,297",₹ 400.00
The Subtle Art of Not Giving a F*ck: A Counterintuitive Approach to Living a Good Life,Mark Manson,4.5 out of 5 stars,"48,093",₹ 325.00
"The 5 AM Club: Own Your Morning, Elevate Your Life",Robin Sharma,4.4 out of 5 stars,"12,253",₹ 249.00
Mandala Art: Colouring Books for Adults with Tear Out Sheets (Adult Colouring Book),Wonder House Books,4.6 out of 5 stars,"1,190",₹ 129.00
"Blossom Jumbo Colouring Book for Kids 3 years to 5 years old | Drawing, Coloring and Art Book for Girls and Boys | A3…",Content Team at Target Publications,4.5 out of 5 stars,741,₹ 170.00
Capital Letters ABC: Write and practice Capital Letters A to Z book for kids (Writing Fun),Wonder House Books,4.3 out of 5 stars,"1,023",₹ 42.00
Brilliant Brain Activity Book 3+,Dreamland Publications,4.6 out of 5 stars,866,₹ 154.00
The Theory of Everything: The Origin and Fate of the Universe,Stephen Hawking,4.6 out of 5 stars,"5,770",₹ 146.00
A Brief History of Modern India (2019-2020 Edition) by Spectrum Books,Spectrum Books Pvt.Ltd.,4.5 out of 5 stars,"6,045",₹ 412.00
Nationalism,Rabindranath Tagore,4.5 out of 5 stars,"1,773",₹ 61.00
"The Silent Patient: The record-breaking, multimillion copy Sunday Times bestselling thriller and Richard & Judy book…",Alex Michaelides,4.5 out of 5 stars,"70,333",₹ 288.00
Indian Art and Culture for Civil Services and other Competitive Examinations,Nitin Singhania,4.6 out of 5 stars,"2,722",₹ 557.00
Mathematics for Class 9 by R D Sharma (Examination 2021-22),R.D. Sharma,4.6 out of 5 stars,"1,195",₹ 415.00
Death; An Inside Story: A book for all those who shall die,Sadhguru,4.7 out of 5 stars,"4,851",₹ 202.00
Bhagavad Gita: Yatharoop (Hindi),A.C. Bhaktivendanta Swami Prabhupada,4.7 out of 5 stars,"6,711",₹ 215.00
How to Win Friends and Influence People,Dale Carnegie,4.5 out of 5 stars,"48,573",₹ 159.00
Refreshing Mandala - Colouring Book for Adults Book 1,Dreamland Publications,4.6 out of 5 stars,"3,679",₹ 175.00
To Kill A Mockingbird: 50th Anniversary Edition: 60th Anniversary Edition,Harper Lee,4.5 out of 5 stars,"39,579",₹ 330.00
Inner Engineering: A Yogi’s Guide to Joy,Sadhguru,4.6 out of 5 stars,"9,608",₹ 186.00
Objective General English,S.P. Bakshi,4.3 out of 5 stars,"7,320",₹ 196.00
"Three Thousand Stitches: Ordinary People, Extraordinary Lives",Sudha Murty,4.6 out of 5 stars,"3,348",₹ 170.00
How to Prepare for Verbal Ability and Reading Comprehension for CAT | 9th Edition,Arun Sharma,4.5 out of 5 stars,766,₹ 711.00
"NCERT textbooks physics, chemistry and biology class 11(5 books combo) 2019 edition",NCERT,4.1 out of 5 stars,843,₹ 759.00
Nursery Writing Books for Kids in English | 2 to 5 Years Old Children | Learn and Practice ABCD Capital and Small…,Content Team at Target Publications,4.4 out of 5 stars,448,₹ 311.00
"Thinking, Fast and Slow (Penguin Press Non-Fiction)",Daniel Kahneman,4.4 out of 5 stars,"18,851",₹ 407.00
365 Colouring Book,Dreamland Publications,4.6 out of 5 stars,"1,920",₹ 325.00
A Brief History of Modern India - 2020-21/edition,Rajiv Ahir,4.3 out of 5 stars,436,₹ 278.00
Treasure Island,Robert Louis Stevenson,4.4 out of 5 stars,"6,095",₹ 99.00
Hindi Sulekh - Varanmala - Handwriting Practice Workbook for Kids 3-6 Years Old,Maple Press,4.5 out of 5 stars,381,₹ 86.00
Princess Colouring Book (Giant Book Series): Jumbo Sized Colouring Books (Giant Colouring Book Series),Wonder House Books,4.5 out of 5 stars,809,₹ 99.00
101 Dot To Dot Coloring: Fun Activity Book For Children,Wonder House Books,4.5 out of 5 stars,271,₹ 129.00
And Then There Were None: The World’s Favourite Agatha Christie Book,Agatha Christie,4.6 out of 5 stars,"13,229",₹ 177.00
